Fecha,num_atascos
2024-03-16 06:57:00,6
2024-03-16 07:27:00,6
2024-03-16 07:57:00,7
2024-03-16 08:27:00,6
2024-03-16 08:57:00,9
2024-03-16 09:27:00,12
2024-03-16 09:57:00,15
2024-03-16 10:27:00,17
2024-03-16 10:57:00,16
2024-03-16 11:27:00,16
2024-03-16 11:57:00,16
2024-03-16 12:27:00,19
2024-03-16 12:57:00,15
2024-03-16 13:27:00,11
2024-03-16 13:57:00,8
2024-03-16 14:27:00,16
2024-03-16 14:57:00,12
2024-03-16 15:27:00,14
2024-03-16 15:57:00,16
2024-03-16 16:27:00,20
2024-03-16 16:57:00,15
2024-03-16 17:27:00,17
2024-03-16 17:57:00,18
2024-03-16 18:27:00,15
2024-03-16 18:57:00,16
2024-03-16 19:27:00,15
2024-03-16 19:57:00,14
2024-03-16 20:27:00,9
2024-03-16 20:57:00,9
2024-03-16 21:27:00,12
2024-03-16 21:57:00,3
2024-03-16 22:27:00,2
2024-03-16 22:57:00,4
2024-03-16 23:27:00,2
2024-03-16 23:57:00,2
2024-03-17 00:57:00,1
2024-03-17 01:57:00,1
2024-03-17 03:27:00,1
2024-03-17 07:57:00,1
2024-03-17 08:27:00,2
2024-03-17 08:57:00,1
2024-03-17 09:27:00,2
2024-03-17 10:57:00,3
2024-03-17 11:27:00,4
2024-03-17 11:57:00,4
2024-03-17 12:27:00,8
2024-03-17 12:57:00,8
2024-03-17 13:27:00,4
2024-03-17 13:57:00,2
2024-03-17 14:27:00,3
2024-03-17 14:57:00,8
2024-03-17 15:27:00,6
2024-03-17 15:57:00,8
2024-03-17 16:27:00,9
2024-03-17 16:57:00,7
2024-03-17 17:27:00,8
2024-03-17 17:57:00,3
2024-03-17 18:27:00,10
2024-03-17 18:57:00,8
2024-03-17 19:27:00,10
2024-03-17 19:57:00,5
2024-03-17 20:27:00,1
2024-03-17 20:57:00,2
2024-03-17 21:27:00,1
2024-03-17 22:57:00,1
2024-03-17 23:27:00,1
2024-03-18 02:57:00,1
2024-03-18 04:27:00,2
2024-03-18 05:57:00,2
2024-03-18 06:57:00,14
2024-03-18 07:27:00,10
2024-03-18 07:57:00,14
2024-03-18 08:27:00,6
2024-03-18 08:57:00,8
2024-03-18 09:27:00,4
2024-03-18 09:57:00,7
2024-03-18 10:27:00,6
2024-03-18 10:57:00,10
2024-03-18 11:27:00,11
2024-03-18 11:57:00,9
2024-03-18 12:27:00,10
2024-03-18 12:57:00,10
2024-03-18 13:27:00,9
2024-03-18 13:57:00,13
2024-03-18 14:27:00,21
2024-03-18 14:57:00,14
2024-03-18 15:27:00,17
2024-03-18 15:57:00,18
2024-03-18 16:27:00,22
2024-03-18 16:57:00,14
2024-03-18 17:27:00,19
2024-03-18 17:57:00,24
2024-03-18 18:27:00,25
2024-03-18 18:57:00,8
2024-03-18 19:27:00,4
2024-03-18 19:57:00,8
2024-03-18 20:27:00,3
2024-03-18 20:57:00,2
2024-03-18 21:27:00,4
2024-03-18 21:57:00,6
2024-03-18 22:27:00,1
2024-03-18 22:57:00,1
2024-03-18 23:57:00,2
2024-03-19 03:27:00,1
2024-03-19 05:57:00,1
2024-03-19 06:27:00,2
2024-03-19 06:57:00,12
2024-03-19 07:27:00,18
2024-03-19 07:57:00,12
2024-03-19 08:27:00,11
2024-03-19 08:57:00,4
2024-03-19 09:27:00,10
2024-03-19 09:57:00,7
2024-03-19 10:27:00,13
2024-03-19 10:57:00,10
2024-03-19 11:27:00,10
2024-03-19 11:57:00,7
2024-03-19 12:27:00,15
2024-03-19 12:57:00,13
2024-03-19 13:27:00,6
2024-03-19 13:57:00,13
2024-03-19 14:27:00,22
2024-03-19 14:57:00,18
2024-03-19 15:27:00,14
2024-03-19 15:57:00,15
2024-03-19 16:27:00,15
2024-03-19 16:57:00,20
2024-03-19 17:27:00,33
2024-03-19 17:57:00,36
2024-03-19 18:27:00,21
2024-03-19 18:57:00,12
2024-03-19 19:27:00,7
2024-03-19 19:57:00,6
2024-03-19 20:27:00,5
2024-03-19 20:57:00,6
2024-03-19 21:27:00,2
2024-03-19 21:57:00,1
2024-03-19 23:27:00,1
2024-03-20 04:57:00,1
2024-03-20 05:57:00,1
2024-03-20 06:27:00,2
2024-03-20 06:57:00,13
2024-03-20 07:27:00,10
2024-03-20 07:57:00,14
2024-03-20 08:27:00,6
2024-03-20 08:57:00,3
2024-03-20 09:27:00,6
2024-03-20 09:57:00,8
2024-03-20 10:27:00,11
2024-03-20 10:57:00,8
2024-03-20 11:27:00,15
2024-03-20 11:57:00,14
2024-03-20 12:27:00,18
2024-03-20 12:57:00,12
2024-03-20 13:27:00,11
2024-03-20 13:57:00,14
2024-03-20 14:27:00,13
2024-03-20 14:57:00,14
2024-03-20 15:27:00,14
2024-03-20 15:57:00,16
2024-03-20 16:27:00,15
2024-03-20 16:58:00,10
2024-03-20 17:27:00,19
2024-03-20 17:57:00,23
2024-03-20 18:27:00,38
2024-03-20 18:57:00,22
2024-03-20 19:27:00,15
2024-03-20 19:57:00,6
2024-03-20 20:27:00,4
2024-03-20 20:57:00,5
2024-03-20 21:27:00,1
2024-03-20 22:27:00,3
2024-03-20 22:57:00,1
2024-03-20 23:27:00,3
2024-03-21 01:27:00,1
2024-03-21 03:57:00,2
2024-03-21 05:57:00,3
2024-03-21 06:27:00,3
2024-03-21 06:57:00,15
2024-03-21 07:27:00,9
2024-03-21 07:57:00,10
2024-03-21 08:27:00,7
2024-03-21 08:57:00,8
2024-03-21 09:27:00,8
2024-03-21 09:57:00,8
2024-03-21 10:27:00,10
2024-03-21 10:58:00,6
2024-03-21 11:27:00,9
2024-03-21 11:57:00,18
2024-03-21 12:27:00,24
2024-03-21 12:57:00,14
2024-03-21 13:27:00,15
2024-03-21 13:57:00,9
2024-03-21 14:27:00,18
2024-03-21 14:57:00,9
2024-03-21 15:27:00,16
2024-03-21 15:57:00,19
2024-03-21 16:27:00,17
2024-03-21 16:57:00,22
2024-03-21 17:27:00,30
2024-03-21 17:57:00,27
2024-03-21 18:27:00,24
2024-03-21 18:57:00,10
2024-03-21 19:27:00,14
2024-03-21 19:57:00,5
2024-03-21 20:27:00,5
2024-03-21 20:57:00,4
2024-03-21 21:27:00,2
2024-03-21 21:57:00,1
2024-03-21 22:27:00,4
2024-03-21 22:57:00,1
2024-03-21 23:27:00,1
2024-03-21 23:57:00,2
2024-03-22 01:27:00,1
2024-03-22 05:27:00,1
2024-03-22 05:57:00,1
2024-03-22 06:57:00,7
2024-03-22 07:27:00,10
2024-03-22 07:57:00,14
2024-03-22 08:27:00,12
2024-03-22 08:57:00,6
2024-03-22 09:27:00,7
2024-03-22 09:58:00,11
2024-03-22 10:27:00,6
2024-03-22 10:57:00,10
2024-03-22 11:27:00,11
2024-03-22 11:57:00,13
2024-03-22 12:27:00,17
2024-03-22 12:57:00,13
2024-03-22 13:27:00,8
2024-03-22 13:57:00,15
2024-03-22 14:27:00,13
2024-03-22 14:57:00,18
2024-03-22 15:27:00,15
2024-03-22 15:57:00,13
2024-03-22 16:27:00,21
2024-03-22 16:57:00,17
2024-03-22 17:27:00,11
2024-03-22 17:57:00,24
2024-03-22 18:27:00,23
2024-03-22 18:57:00,16
2024-03-22 19:27:00,8
2024-03-22 19:57:00,19
2024-03-22 20:27:00,7
2024-03-22 20:57:00,4
2024-03-22 21:27:00,6
2024-03-22 21:57:00,7
2024-03-22 22:27:00,4
2024-03-22 22:57:00,4
2024-03-22 23:57:00,1
2024-03-23 02:57:00,2
2024-03-23 05:57:00,3
2024-03-23 06:57:00,1
2024-03-23 07:27:00,1
2024-03-23 08:27:00,4
2024-03-23 08:57:00,7
2024-03-23 09:27:00,7
2024-03-23 09:57:00,9
2024-03-23 10:27:00,9
2024-03-23 10:57:00,20
2024-03-23 11:27:00,19
2024-03-23 11:59:00,21
2024-03-23 12:27:00,18
2024-03-23 12:57:00,18
2024-03-23 13:27:00,8
2024-03-23 13:57:00,7
2024-03-23 14:27:00,12
2024-03-23 14:57:00,17
2024-03-23 15:27:00,12
2024-03-23 15:57:00,18
2024-03-23 16:27:00,14
2024-03-23 16:57:00,15
2024-03-23 17:27:00,14
2024-03-23 17:57:00,21
2024-03-23 18:27:00,16
2024-03-23 18:57:00,20
2024-03-23 19:27:00,10
2024-03-23 19:57:00,11
2024-03-23 20:27:00,7
2024-03-23 20:57:00,6
2024-03-23 21:27:00,8
2024-03-23 21:57:00,6
2024-03-23 22:27:00,6
2024-03-23 22:57:00,1
2024-03-23 23:27:00,3
2024-03-23 23:57:00,1
2024-03-24 03:57:00,2
2024-03-24 05:57:00,1
2024-03-24 07:27:00,1
2024-03-24 07:57:00,2
2024-03-24 08:27:00,2
2024-03-24 08:57:00,1
2024-03-24 09:27:00,4
2024-03-24 09:57:00,2
2024-03-24 10:27:00,3
2024-03-24 10:57:00,5
2024-03-24 11:27:00,3
2024-03-24 11:57:00,4
2024-03-24 12:27:00,5
2024-03-24 12:57:00,5
2024-03-24 13:27:00,8
2024-03-24 13:57:00,5
2024-03-24 14:27:00,3
2024-03-24 14:57:00,6
2024-03-24 15:27:00,10
2024-03-24 15:57:00,10
2024-03-24 16:27:00,9
2024-03-24 16:57:00,9
2024-03-24 17:27:00,12
2024-03-24 17:57:00,8
2024-03-24 18:27:00,10
2024-03-24 18:57:00,9
2024-03-24 19:27:00,10
2024-03-24 19:57:00,11
2024-03-24 20:27:00,9
2024-03-24 20:57:00,6
2024-03-24 21:27:00,5
2024-03-24 21:57:00,3
2024-03-24 23:27:00,2
2024-03-25 01:27:00,1
2024-03-25 02:27:00,1
2024-03-25 05:27:00,1
2024-03-25 06:27:00,2
2024-03-25 07:57:00,2
2024-03-25 08:27:00,1
2024-03-25 08:57:00,1
2024-03-25 09:27:00,5
2024-03-25 09:57:00,4
2024-03-25 10:27:00,4
2024-03-25 10:57:00,5
2024-03-25 11:27:00,8
2024-03-25 11:57:00,6
2024-03-25 12:27:00,6
2024-03-25 12:57:00,9
2024-03-25 13:27:00,6
2024-03-25 13:57:00,7
2024-03-25 14:27:00,5
2024-03-25 14:57:00,8
2024-03-25 15:27:00,7
2024-03-25 15:57:00,9
2024-03-25 16:27:00,8
2024-03-25 16:57:00,7
2024-03-25 17:27:00,6
2024-03-25 17:57:00,5
2024-03-25 18:27:00,14
2024-03-25 18:57:00,25
2024-03-25 19:27:00,11
2024-03-25 19:57:00,8
2024-03-25 20:27:00,6
2024-03-25 20:57:00,4
2024-03-25 21:27:00,1
2024-03-25 21:57:00,4
2024-03-25 22:27:00,1
2024-03-25 23:57:00,1
2024-03-26 00:27:00,1
2024-03-26 00:57:00,1
2024-03-26 01:27:00,1
2024-03-26 03:27:00,2
2024-03-26 04:57:00,2
2024-03-26 06:27:00,1
2024-03-26 07:27:00,1
2024-03-26 07:57:00,10
2024-03-26 08:27:00,7
2024-03-26 08:57:00,6
2024-03-26 09:27:00,9
2024-03-26 09:57:00,14
2024-03-26 10:27:00,10
2024-03-26 10:57:00,12
2024-03-26 11:27:00,23
2024-03-26 11:57:00,14
2024-03-26 12:27:00,13
2024-03-26 12:57:00,11
2024-03-26 13:27:00,9
2024-03-26 13:57:00,13
2024-03-26 14:27:00,15
2024-03-26 14:57:00,16
2024-03-26 15:27:00,11
2024-03-26 15:57:00,16
2024-03-26 16:27:00,14
2024-03-26 16:57:00,14
2024-03-26 17:27:00,25
2024-03-26 17:57:00,21
2024-03-26 18:27:00,21
2024-03-26 18:57:00,12
2024-03-26 19:27:00,10
2024-03-26 19:57:00,8
2024-03-26 20:27:00,5
2024-03-26 20:57:00,5
2024-03-26 21:27:00,5
2024-03-26 21:57:00,3
2024-03-26 22:27:00,2
2024-03-26 22:57:00,1
2024-03-26 23:27:00,1
2024-03-27 00:57:00,1
2024-03-27 01:57:00,2
2024-03-27 02:27:00,2
2024-03-27 03:27:00,2
2024-03-27 03:57:00,2
2024-03-27 04:57:00,1
2024-03-27 05:27:00,1
2024-03-27 05:57:00,3
2024-03-27 06:27:00,1
2024-03-27 06:57:00,4
2024-03-27 07:27:00,2
2024-03-27 07:57:00,7
2024-03-27 08:27:00,5
2024-03-27 08:57:00,6
2024-03-27 09:27:00,9
2024-03-27 09:57:00,12
2024-03-27 10:27:00,16
2024-03-27 10:57:00,16
2024-03-27 11:27:00,15
2024-03-27 11:57:00,10
2024-03-27 12:27:00,19
2024-03-27 12:57:00,15
2024-03-27 13:27:00,9
2024-03-27 13:57:00,15
2024-03-27 14:27:00,13
2024-03-27 14:57:00,19
2024-03-27 15:27:00,18
2024-03-27 15:57:00,26
2024-03-27 16:27:00,28
2024-03-27 16:57:00,23
2024-03-27 17:27:00,29
2024-03-27 17:57:00,40
2024-03-27 18:27:00,26
2024-03-27 18:57:00,24
2024-03-27 19:27:00,16
2024-03-27 19:57:00,11
2024-03-27 20:27:00,6
2024-03-27 20:57:00,5
2024-03-27 21:27:00,3
2024-03-27 21:57:00,3
2024-03-27 22:27:00,4
2024-03-27 22:57:00,2
2024-03-27 23:27:00,1
2024-03-27 23:57:00,1
2024-03-28 00:57:00,1
2024-03-28 06:27:00,2
2024-03-28 06:57:00,1
2024-03-28 07:27:00,1
2024-03-28 08:27:00,1
2024-03-28 09:27:00,4
2024-03-28 09:57:00,7
2024-03-28 10:27:00,6
2024-03-28 10:57:00,7
2024-03-28 11:27:00,4
2024-03-28 11:57:00,8
2024-03-28 12:27:00,7
2024-03-28 12:57:00,4
2024-03-28 13:27:00,8
2024-03-28 13:57:00,6
2024-03-28 14:27:00,4
2024-03-28 14:57:00,5
2024-03-28 15:27:00,4
2024-03-28 15:57:00,3
2024-03-28 16:27:00,10
2024-03-28 16:57:00,4
2024-03-28 17:27:00,8
2024-03-28 17:57:00,6
2024-03-28 18:27:00,13
2024-03-28 18:57:00,13
2024-03-28 19:27:00,8
2024-03-28 19:57:00,7
2024-03-28 20:27:00,10
2024-03-28 20:57:00,6
2024-03-28 21:27:00,5
2024-03-28 21:57:00,8
2024-03-28 22:27:00,5
2024-03-28 22:57:00,3
2024-03-28 23:27:00,1
2024-03-29 00:27:00,1
2024-03-29 02:57:00,1
2024-03-29 03:57:00,1
2024-03-29 04:57:00,1
2024-03-29 05:57:00,1
2024-03-29 06:57:00,1
2024-03-29 09:27:00,2
2024-03-29 09:57:00,3
2024-03-29 10:27:00,5
2024-03-29 10:57:00,2
2024-03-29 11:27:00,7
2024-03-29 11:57:00,2
2024-03-29 12:27:00,7
2024-03-29 12:57:00,5
2024-03-29 13:27:00,3
2024-03-29 13:57:00,3
2024-03-29 14:27:00,3
2024-03-29 14:57:00,6
2024-03-29 15:27:00,5
2024-03-29 15:57:00,9
2024-03-29 16:27:00,7
2024-03-29 16:57:00,8
2024-03-29 17:27:00,9
2024-03-29 17:57:00,8
2024-03-29 18:33:00,8
2024-03-29 19:57:00,10
2024-03-29 20:44:00,9
2024-03-29 20:57:00,6
2024-03-29 21:03:00,4
2024-03-29 21:27:00,2
2024-03-29 21:57:00,5
2024-03-29 22:27:00,3
2024-03-29 22:57:00,1
2024-03-29 23:27:00,1
2024-03-30 00:57:00,1
2024-03-30 01:57:00,1
2024-03-30 03:57:00,2
2024-03-30 05:27:00,1
2024-03-30 06:57:00,3
2024-03-30 07:27:00,1
2024-03-30 07:57:00,1
2024-03-30 08:27:00,1
2024-03-30 08:57:00,4
2024-03-30 09:27:00,4
2024-03-30 09:57:00,4
2024-03-30 10:27:00,10
2024-03-30 10:57:00,14
2024-03-30 11:27:00,20
2024-03-30 11:57:00,10
2024-03-30 12:27:00,8
2024-03-30 12:57:00,9
2024-03-30 13:27:00,12
2024-03-30 13:57:00,15
2024-03-30 14:27:00,18
2024-03-30 14:57:00,10
2024-03-30 15:27:00,11
2024-03-30 15:57:00,11
2024-03-30 16:27:00,10
2024-03-30 16:57:00,8
2024-03-30 17:27:00,11
2024-03-30 17:57:00,10
2024-03-30 18:27:00,13
2024-03-30 18:57:00,17
2024-03-30 19:27:00,15
2024-03-30 19:57:00,9
2024-03-30 20:27:00,10
2024-03-30 20:57:00,6
2024-03-30 21:27:00,7
2024-03-30 21:57:00,10
2024-03-30 22:27:00,5
2024-03-30 22:57:00,4
2024-03-30 23:57:00,1
2024-03-31 00:57:00,2
2024-03-31 05:27:00,1
2024-03-31 07:57:00,1
2024-03-31 08:57:00,3
2024-03-31 09:27:00,1
2024-03-31 09:57:00,1
2024-03-31 10:27:00,2
2024-03-31 10:57:00,1
2024-03-31 11:27:00,1
2024-03-31 11:57:00,7
2024-03-31 12:27:00,2
2024-03-31 12:57:00,4
2024-03-31 13:27:00,5
2024-03-31 13:57:00,1
2024-03-31 14:27:00,4
2024-03-31 14:57:00,3
2024-03-31 15:27:00,8
2024-03-31 15:57:00,6
2024-03-31 16:27:00,11
2024-03-31 16:57:00,6
2024-03-31 17:27:00,9
2024-03-31 17:57:00,11
2024-03-31 18:27:00,7
2024-03-31 18:57:00,6
2024-03-31 19:27:00,8
2024-03-31 20:27:00,3
2024-03-31 20:57:00,3
2024-03-31 21:27:00,1
2024-03-31 21:57:00,1
2024-03-31 22:27:00,1
2024-04-01 00:57:00,1
2024-04-01 01:27:00,1
2024-04-01 01:57:00,1
2024-04-01 05:57:00,1
2024-04-01 06:27:00,1
2024-04-01 06:57:00,14
2024-04-01 07:27:00,5
2024-04-01 07:57:00,11
2024-04-01 08:27:00,7
2024-04-01 08:57:00,2
2024-04-01 09:27:00,4
2024-04-01 09:57:00,6
2024-04-01 10:27:00,10
2024-04-01 10:57:00,13
2024-04-01 11:27:00,9
2024-04-01 11:57:00,11
2024-04-01 12:27:00,17
2024-04-01 12:57:00,8
2024-04-01 13:27:00,8
2024-04-01 13:57:00,18
2024-04-01 14:27:00,20
2024-04-01 14:57:00,17
2024-04-01 15:27:00,10
2024-04-01 15:57:00,14
2024-04-01 16:27:00,23
2024-04-01 16:57:00,18
2024-04-01 17:27:00,20
2024-04-01 17:57:00,19
2024-04-01 18:27:00,31
2024-04-01 18:57:00,13
2024-04-01 19:27:00,9
2024-04-01 19:57:00,5
2024-04-01 20:27:00,1
2024-04-01 22:27:00,2
2024-04-01 22:57:00,2
2024-04-02 05:57:00,1
2024-04-02 06:27:00,1
2024-04-02 06:57:00,13
2024-04-02 07:27:00,11
2024-04-02 07:57:00,10
2024-04-02 08:27:00,9
2024-04-02 08:57:00,8
2024-04-02 09:27:00,11
2024-04-02 09:57:00,8
2024-04-02 10:27:00,7
2024-04-02 10:57:00,9
2024-04-02 11:27:00,10
2024-04-02 11:57:00,18
2024-04-02 12:27:00,26
2024-04-02 12:57:00,18
2024-04-02 13:27:00,15
2024-04-02 13:57:00,17
2024-04-02 14:27:00,19
2024-04-02 14:57:00,20
2024-04-02 15:27:00,18
2024-04-02 15:57:00,19
2024-04-02 16:27:00,19
2024-04-02 16:57:00,24
2024-04-02 17:27:00,15
2024-04-02 17:57:00,25
2024-04-02 18:27:00,31
2024-04-02 18:57:00,12
2024-04-02 19:27:00,8
2024-04-02 19:57:00,2
2024-04-02 20:27:00,7
2024-04-02 20:57:00,5
2024-04-02 21:27:00,3
2024-04-02 21:57:00,2
2024-04-02 22:27:00,1
2024-04-03 00:27:00,1
2024-04-03 04:57:00,2
2024-04-03 05:27:00,2
2024-04-03 05:57:00,2
2024-04-03 06:27:00,1
2024-04-03 06:57:00,12
2024-04-03 07:27:00,14
2024-04-03 07:57:00,10
2024-04-03 08:27:00,4
2024-04-03 08:57:00,5
2024-04-03 09:27:00,7
2024-04-03 09:57:00,10
2024-04-03 10:27:00,8
2024-04-03 10:57:00,10
2024-04-03 11:27:00,10
2024-04-03 11:57:00,7
2024-04-03 12:27:00,18
2024-04-03 12:57:00,8
2024-04-03 13:27:00,11
2024-04-03 13:57:00,12
2024-04-03 14:27:00,16
2024-04-03 14:57:00,23
2024-04-03 15:27:00,13
2024-04-03 15:57:00,12
2024-04-03 16:27:00,18
2024-04-03 16:57:00,16
2024-04-03 17:27:00,30
2024-04-03 17:57:00,31
2024-04-03 18:27:00,29
2024-04-03 18:57:00,27
2024-04-03 19:27:00,9
2024-04-03 19:57:00,4
2024-04-03 20:27:00,3
2024-04-03 20:57:00,3
2024-04-03 21:27:00,2
2024-04-03 21:57:00,2
2024-04-03 22:27:00,1
2024-04-03 23:27:00,1
2024-04-04 00:27:00,1
2024-04-04 00:57:00,2
2024-04-04 04:57:00,1
2024-04-04 05:27:00,2
2024-04-04 05:57:00,3
2024-04-04 06:27:00,1
2024-04-04 06:57:00,11
2024-04-04 07:27:00,6
2024-04-04 07:57:00,9
2024-04-04 08:27:00,10
2024-04-04 08:57:00,9
2024-04-04 09:27:00,6
2024-04-04 09:57:00,5
2024-04-04 10:27:00,13
2024-04-04 10:57:00,14
2024-04-04 11:27:00,12
2024-04-04 11:57:00,9
2024-04-04 12:27:00,20
2024-04-04 12:57:00,9
2024-04-04 13:27:00,5
2024-04-04 13:57:00,16
2024-04-04 14:27:00,20
2024-04-04 14:57:00,20
2024-04-04 15:27:00,18
2024-04-04 15:57:00,11
2024-04-04 16:27:00,16
2024-04-04 16:57:00,13
2024-04-04 17:27:00,21
2024-04-04 17:57:00,16
2024-04-04 18:27:00,25
2024-04-04 18:57:00,19
2024-04-04 19:27:00,8
2024-04-04 19:57:00,6
2024-04-04 20:27:00,4
2024-04-04 20:57:00,2
2024-04-04 21:27:00,2
2024-04-04 21:57:00,1
2024-04-04 22:57:00,1
2024-04-05 00:57:00,1
2024-04-05 01:57:00,1
2024-04-05 04:57:00,1
2024-04-05 05:27:00,1
2024-04-05 06:27:00,1
2024-04-05 06:57:00,17
2024-04-05 07:27:00,13
2024-04-05 07:57:00,10
2024-04-05 08:27:00,9
2024-04-05 08:57:00,8
2024-04-05 09:27:00,8
2024-04-05 09:57:00,12
2024-04-05 10:27:00,13
2024-04-05 10:57:00,10
2024-04-05 11:27:00,9
2024-04-05 11:57:00,15
2024-04-05 12:27:00,13
2024-04-05 12:57:00,11
2024-04-05 13:27:00,6
2024-04-05 13:57:00,15
2024-04-05 14:27:00,17
2024-04-05 14:57:00,12
2024-04-05 15:27:00,21
2024-04-05 15:57:00,13
2024-04-05 16:27:00,23
2024-04-05 16:57:00,17
2024-04-05 17:27:00,16
2024-04-05 17:57:00,26
2024-04-05 18:27:00,23
2024-04-05 18:57:00,22
2024-04-05 19:27:00,24
2024-04-05 19:57:00,11
2024-04-05 20:27:00,11
2024-04-05 20:57:00,3
2024-04-05 21:27:00,2
2024-04-05 21:57:00,5
2024-04-05 22:27:00,5
2024-04-05 22:57:00,7
2024-04-05 23:27:00,4
2024-04-05 23:57:00,1
2024-04-06 00:27:00,1
2024-04-06 00:57:00,2
2024-04-06 04:27:00,1
2024-04-06 05:27:00,2
2024-04-06 06:57:00,2
2024-04-06 07:27:00,2
2024-04-06 07:57:00,2
2024-04-06 08:27:00,2
2024-04-06 08:57:00,5
2024-04-06 09:27:00,8
2024-04-06 09:57:00,8
2024-04-06 10:27:00,5
2024-04-06 10:57:00,14
2024-04-06 11:27:00,9
2024-04-06 11:57:00,11
2024-04-06 12:27:00,22
2024-04-06 12:57:00,16
2024-04-06 13:27:00,9
2024-04-06 13:57:00,9
2024-04-06 14:27:00,9
2024-04-06 14:57:00,9
2024-04-06 15:27:00,7
2024-04-06 15:57:00,10
2024-04-06 16:27:00,11
2024-04-06 16:57:00,13
2024-04-06 17:27:00,16
2024-04-06 17:57:00,13
2024-04-06 18:27:00,14
2024-04-06 18:57:00,16
2024-04-06 19:27:00,17
2024-04-06 19:57:00,13
2024-04-06 20:27:00,10
2024-04-06 20:57:00,6
2024-04-06 21:27:00,4
2024-04-06 21:57:00,9
2024-04-06 22:27:00,6
2024-04-06 22:57:00,4
2024-04-06 23:27:00,1
2024-04-06 23:57:00,1
2024-04-07 00:27:00,1
2024-04-07 00:57:00,1
2024-04-07 01:57:00,1
2024-04-07 02:27:00,1
2024-04-07 02:57:00,1
2024-04-07 03:27:00,2
2024-04-07 03:57:00,1
2024-04-07 08:57:00,1
2024-04-07 09:57:00,2
2024-04-07 10:27:00,2
2024-04-07 11:57:00,5
2024-04-07 12:27:00,5
2024-04-07 12:57:00,8
2024-04-07 13:27:00,7
2024-04-07 13:57:00,5
2024-04-07 14:27:00,6
2024-04-07 14:57:00,10
2024-04-07 15:27:00,4
2024-04-07 15:57:00,7
2024-04-07 16:27:00,11
2024-04-07 16:57:00,5
2024-04-07 17:27:00,13
2024-04-07 17:57:00,9
2024-04-07 18:27:00,10
2024-04-07 18:57:00,10
2024-04-07 19:27:00,10
2024-04-07 19:57:00,6
2024-04-07 20:27:00,6
2024-04-07 20:57:00,2
2024-04-07 21:57:00,1
2024-04-08 00:27:00,2
2024-04-08 02:27:00,1
2024-04-08 03:27:00,1
2024-04-08 03:57:00,1
2024-04-08 05:57:00,2
2024-04-08 06:27:00,2
2024-04-08 06:57:00,12
2024-04-08 07:27:00,8
2024-04-08 07:57:00,8
2024-04-08 08:27:00,5
2024-04-08 08:57:00,8
2024-04-08 09:27:00,8
2024-04-08 09:57:00,6
2024-04-08 10:27:00,11
2024-04-08 10:57:00,9
2024-04-08 11:27:00,9
2024-04-08 11:57:00,8
2024-04-08 12:27:00,11
2024-04-08 12:57:00,2
2024-04-08 13:27:00,12
2024-04-08 13:57:00,9
2024-04-08 14:27:00,15
2024-04-08 14:57:00,16
2024-04-08 15:27:00,15
2024-04-08 15:57:00,15
2024-04-08 16:27:00,13
2024-04-08 16:57:00,11
2024-04-08 17:27:00,24
2024-04-08 17:57:00,21
2024-04-08 18:27:00,18
2024-04-08 18:57:00,9
2024-04-08 19:27:00,8
2024-04-08 19:57:00,5
2024-04-08 20:27:00,4
2024-04-08 20:57:00,2
2024-04-08 21:27:00,1
2024-04-08 21:57:00,1
2024-04-08 22:27:00,1
2024-04-09 01:27:00,2
2024-04-09 02:27:00,2
2024-04-09 06:27:00,2
2024-04-09 06:57:00,7
2024-04-09 07:27:00,7
2024-04-09 07:57:00,10
2024-04-09 08:27:00,8
2024-04-09 08:57:00,7
2024-04-09 09:27:00,5
2024-04-09 09:57:00,10
2024-04-09 10:27:00,5
2024-04-09 10:57:00,10
2024-04-09 11:27:00,10
2024-04-09 11:57:00,9
2024-04-09 12:27:00,8
2024-04-09 12:57:00,3
2024-04-09 13:27:00,5
2024-04-09 13:57:00,9
2024-04-09 14:27:00,15
2024-04-09 14:57:00,13
2024-04-09 15:27:00,8
2024-04-09 15:57:00,10
2024-04-09 16:27:00,14
2024-04-09 16:57:00,19
2024-04-09 17:27:00,15
2024-04-09 17:57:00,17
2024-04-09 18:27:00,12
2024-04-09 18:57:00,12
2024-04-09 19:27:00,2
2024-04-09 19:57:00,2
2024-04-09 20:27:00,1
2024-04-09 20:57:00,4
2024-04-09 21:27:00,5
2024-04-09 21:57:00,5
2024-04-09 22:27:00,2
2024-04-09 22:57:00,2
2024-04-09 23:27:00,2
2024-04-09 23:57:00,2
2024-04-10 00:27:00,3
2024-04-10 00:57:00,3
2024-04-10 01:27:00,3
2024-04-10 01:57:00,2
2024-04-10 02:27:00,2
2024-04-10 02:57:00,2
2024-04-10 03:27:00,2
2024-04-10 03:57:00,2
2024-04-10 04:27:00,2
2024-04-10 04:57:00,3
2024-04-10 05:27:00,3
2024-04-10 05:57:00,2
2024-04-10 06:27:00,3
2024-04-10 06:57:00,7
2024-04-10 07:27:00,3
2024-04-10 07:57:00,5
2024-04-10 08:27:00,6
2024-04-10 08:57:00,8
2024-04-10 09:27:00,7
2024-04-10 09:57:00,7
2024-04-10 10:27:00,6
2024-04-10 10:57:00,12
2024-04-10 11:27:00,8
2024-04-10 11:57:00,11
2024-04-10 12:27:00,15
2024-04-10 12:57:00,6
2024-04-10 13:27:00,9
2024-04-10 13:57:00,11
2024-04-10 14:27:00,10
2024-04-10 14:57:00,13
2024-04-10 15:27:00,14
2024-04-10 15:57:00,10
2024-04-10 16:27:00,9
2024-04-10 16:57:00,15
2024-04-10 17:27:00,21
2024-04-10 17:57:00,21
2024-04-10 18:27:00,26
2024-04-10 18:57:00,15
2024-04-10 19:27:00,9
2024-04-10 19:57:00,6
2024-04-10 20:27:00,4
2024-04-10 20:57:00,4
2024-04-10 21:27:00,5
2024-04-10 21:57:00,2
2024-04-10 22:27:00,2
2024-04-10 22:57:00,2
2024-04-10 23:27:00,4
2024-04-10 23:57:00,3
2024-04-11 00:27:00,3
2024-04-11 00:57:00,2
2024-04-11 01:28:00,2
2024-04-11 01:57:00,2
2024-04-11 02:27:00,2
2024-04-11 02:57:00,2
2024-04-11 03:27:00,2
2024-04-11 03:57:00,2
2024-04-11 04:27:00,2
2024-04-11 04:57:00,2
2024-04-11 05:27:00,2
2024-04-11 05:57:00,2
2024-04-11 06:27:00,5
2024-04-11 06:57:00,11
2024-04-11 07:27:00,6
2024-04-11 07:57:00,9
2024-04-11 08:27:00,2
2024-04-11 08:57:00,9
2024-04-11 09:27:00,9
2024-04-11 09:57:00,10
2024-04-11 10:27:00,4
2024-04-11 10:57:00,9
2024-04-11 11:27:00,14
2024-04-11 11:57:00,16
2024-04-11 12:27:00,16
2024-04-11 12:57:00,15
2024-04-11 13:27:00,16
2024-04-11 13:57:00,15
2024-04-11 14:27:00,12
2024-04-11 14:57:00,14
2024-04-11 15:27:00,14
2024-04-11 15:57:00,18
2024-04-11 16:27:00,18
2024-04-11 16:57:00,21
2024-04-11 17:27:00,24
2024-04-11 17:57:00,33
2024-04-11 18:27:00,33
2024-04-11 18:57:00,22
2024-04-11 19:27:00,16
2024-04-11 19:57:00,12
2024-04-11 20:27:00,8
2024-04-11 20:57:00,4
2024-04-11 21:27:00,4
2024-04-11 21:57:00,3
2024-04-11 22:27:00,2
2024-04-11 23:27:00,1
2024-04-12 00:27:00,1
2024-04-12 00:57:00,1
2024-04-12 01:27:00,2
2024-04-12 05:27:00,1
2024-04-12 06:27:00,1
2024-04-12 06:57:00,7
2024-04-12 07:27:00,4
2024-04-12 07:57:00,5
2024-04-12 08:27:00,3
2024-04-12 08:57:00,4
2024-04-12 09:27:00,8
2024-04-12 09:57:00,6
2024-04-12 10:27:00,8
2024-04-12 10:57:00,5
2024-04-12 11:27:00,6
2024-04-12 11:57:00,11
2024-04-12 12:27:00,13
2024-04-12 12:57:00,12
2024-04-12 13:27:00,5
2024-04-12 13:57:00,10
2024-04-12 14:27:00,14
2024-04-12 14:57:00,17
2024-04-12 15:27:00,20
2024-04-12 15:57:00,15
2024-04-12 16:27:00,19
2024-04-12 16:57:00,20
2024-04-12 17:27:00,23
2024-04-12 17:57:00,15
2024-04-12 18:27:00,30
2024-04-12 18:57:00,13
2024-04-12 19:27:00,12
2024-04-12 19:57:00,10
2024-04-12 20:27:00,15
2024-04-12 20:57:00,7
2024-04-12 21:27:00,6
2024-04-12 21:57:00,7
2024-04-12 22:27:00,2
2024-04-12 22:57:00,4
2024-04-12 23:57:00,1
2024-04-13 00:57:00,1
2024-04-13 01:27:00,1
2024-04-13 02:27:00,1
2024-04-13 03:57:00,1
2024-04-13 04:27:00,1
2024-04-13 05:57:00,1
2024-04-13 07:27:00,2
2024-04-13 07:57:00,5
2024-04-13 08:27:00,3
2024-04-13 08:57:00,7
2024-04-13 09:27:00,6
2024-04-13 09:57:00,9
2024-04-13 10:27:00,10
2024-04-13 10:57:00,14
2024-04-13 11:27:00,11
2024-04-13 11:57:00,14
2024-04-13 12:27:00,18
2024-04-13 12:57:00,13
2024-04-13 13:27:00,12
2024-04-13 13:57:00,11
2024-04-13 14:27:00,10
2024-04-13 14:57:00,8
2024-04-13 15:27:00,10
2024-04-13 15:57:00,9
2024-04-13 16:27:00,12
2024-04-13 16:57:00,13
2024-04-13 17:27:00,18
2024-04-13 17:57:00,13
2024-04-13 18:27:00,14
2024-04-13 18:57:00,10
2024-04-13 19:27:00,17
2024-04-13 19:57:00,9
2024-04-13 20:27:00,7
2024-04-13 20:57:00,10
2024-04-13 21:27:00,7
2024-04-13 21:57:00,8
2024-04-13 22:27:00,6
2024-04-13 22:57:00,3
2024-04-13 23:27:00,4
2024-04-13 23:57:00,3
2024-04-14 00:27:00,1
2024-04-14 00:57:00,1
2024-04-14 01:27:00,2
2024-04-14 01:57:00,1
2024-04-14 02:27:00,1
2024-04-14 02:57:00,1
2024-04-14 03:27:00,1
2024-04-14 03:57:00,1
2024-04-14 04:27:00,1
2024-04-14 04:57:00,2
2024-04-14 06:57:00,1
2024-04-14 07:27:00,1
2024-04-14 09:57:00,1
2024-04-14 10:27:00,1
2024-04-14 11:57:00,6
2024-04-14 12:27:00,6
2024-04-14 12:57:00,6
2024-04-14 13:27:00,6
2024-04-14 13:57:00,2
2024-04-14 14:27:00,6
2024-04-14 14:57:00,5
2024-04-14 15:27:00,8
2024-04-14 15:57:00,8
2024-04-14 16:27:00,8
2024-04-14 16:57:00,9
2024-04-14 17:27:00,7
2024-04-14 17:57:00,13
2024-04-14 18:27:00,9
2024-04-14 18:57:00,12
2024-04-14 19:27:00,13
2024-04-14 19:57:00,5
2024-04-14 20:27:00,6
2024-04-14 20:57:00,4
2024-04-14 21:27:00,2
2024-04-14 22:27:00,1
2024-04-14 22:57:00,2
2024-04-14 23:27:00,1
2024-04-14 23:57:00,2
2024-04-15 00:27:00,1
2024-04-15 00:57:00,1
2024-04-15 01:27:00,1
2024-04-15 01:57:00,1
2024-04-15 02:27:00,1
2024-04-15 02:57:00,1
2024-04-15 03:27:00,1
2024-04-15 03:57:00,1
2024-04-15 04:27:00,1
2024-04-15 04:57:00,1
2024-04-15 05:57:00,3
2024-04-15 06:27:00,2
2024-04-15 06:57:00,14
2024-04-15 07:27:00,12
2024-04-15 07:57:00,14
2024-04-15 08:27:00,7
2024-04-15 08:57:00,9
2024-04-15 09:27:00,5
2024-04-15 09:57:00,9
2024-04-15 10:27:00,7
2024-04-15 10:57:00,8
2024-04-15 11:27:00,5
